KDBARANG;NAMABARANG;MINIMUM;JUMLAH;SATUAN;HARGA
AA ;CREAM MALAM LEHER;10;15;POT;35000
AB GEL;ANTIBIOTIK GEL;7;15;POT;20000
AC GEL;CREAM ACNE GEL;15;27;POT;35000
AC1;CREAM ACNE 1;30;48;POT;35000
AC2;CREAM ACNE 2 GEL;3;12;POT;35000
AC2 - C;CREAM ACNE 2 CREAM;4;0;POT;35000
AC3-K;CREAM ACNE 3 KECIL;5;6;POT;25000
AW ;ANTI WRINKLE;2;1;POT;30000
AW-N;ANTI WRINKLE NEW;10;5;TUB;50000
BC1;CREAM BC 1;4;8;POT;35000
BDKB;BEDAK NORMAL;5;20;POT;35000
BDKC;BEDAK COMPACT;5;17;POT;40000
BDP-W;BADAN PAGI WHITENNING;5;14;BTL;50000
BEDAK;BEDAK JERAWAT;5;20;POT;30000
BH1;CREAM MALAM BH1;10;51;POT;35000
CE 120;SKIN TONER;30;86;BTL;20000
CE ACNE;TONER ACNE;10;45;BTL;20000
CE AHA;TONER AHA;10;33;BTL;20000
CH1;CREAM MALAM CH1;10;36;POT;35000
CL;ANTI CELULIT;3;6;BTL;75000
CMD;CREAM TUMIT 1;5;14;TUB;25000
CMD 2;CREAM TUMIT 2;5;5;TUB;25000
COVER C;FOUND C;5;3;POT;40000
COVER F;NEW FOUNDATION;5;0;BTL;40000
DH1;CREAM MALAM DH1;10;23;POT;40000
DK;ANTI IRITASI;10;26;POT;25000
DK-K;ANTI IRITASI KECIL;10;25;POT;15000
EC GEL;EYE CREAM GEL;5;14;POT;25000
EH1;CREAM MALAM EH1;10;9;POT;40000
EM;EMOLLIENT;5;11;POT;30000
F1;CREAM PAGI F1;10;19;BTL;35000
F1 GEL;CREAM PAGI F1 GEL;10;14;TUB;40000
F2;CREAM PAGI F2;10;15;POT;40000
F2 GEL;CREAM PAGI F2 GEL;5;9;TUB;50000
F3;CREAM PAGI F3;10;12;POT;40000
F3 GEL;CREAM PAGI F3 GEL;3;5;TUB;50000
F4;CREAM PAGI F4 ;10;13;POT;40000
F4 GEL;CREAM PAGI F4 GEL;5;5;TUB;50000
F5;CREAM PAGI F5;10;13;POT;40000
FS;CREAM PAGI SENSITIF;5;9;POT;35000
FW ACNE;FACIAL WASH ACNE;10;29;BTL;30000
FWF N;FACIAL WASH NORMAL;10;51;BTL;30000
FWF O;FACIAL WASH OIL;10;14;BTL;30000
HG;CREAM HIDUNG DAN DAGU;3;18;POT;30000
HP;HOME PEEL;5;13;BTL;20000
IA;CREAM PAGI IA;5;7;POT;35000
ISO;OBAT ISO;7;74;BTR;7000
LB;LIP BALM;5;14;POT;30000
LI;CREAM LIPATAN;5;9;POT;30000
M-A+;CREAM MALAM A+;5;16;POT;40000
M-B;CREAM MALAM B;10;19;POT;35000
M-B+;CREAM MALAM B+;5;0;POT;40000
M-C;CREAM MALAM C;5;20;POT;35000
M-C+;CREAM MALAM C+;5;0;POT;40000
MC2;MILK CLEANCER ;10;43;BTL;30000
MCD CREAM;MCD CREAM;5;15;POT;30000
MCL;MILK CLEANSER LEMON;10;19;BTL;30000
M-D;CREAM MALAM D;10;29;POT;40000
M-D+;CREAM MALAM D+;4;0;POT;40000
MELASMA 1;CREAM MALAM MELASMA 1;10;9;TUB;40000
MELASMA 2;CREAM MALAM MELASMA 2;10;15;TUB;40000
MELASMA 3;CREAM MALAM MELASMA 3;10;15;BTL;40000
MELASMA 4;CREAM MALAM MELASMA 4;10;16;TUB;45000
MELASMA 5;CREAM MALAM MELASMA 5;10;12;TUB;50000
M-G;CREAM MALAM G;4;0;POT;40000
M-S;CREAM MALAM SENSITIF;5;26;POT;50000
NFC;NEW FOUNDATION CAIR;5;4;BTL;40000
PHA;CREAM SORE PHA;5;3;POT;40000
RAB+;CREAM MALAM RAB+;5;17;POT;35000
RABT;CREAM MALAM RABT;10;27;POT;35000
RAC+;CREAM MALAM RAC+;5;11;POT;35000
RACT;CREAM MALAM RACT;10;36;POT;35000
RAD+;CREAM MALAM RAD+;5;0;POT;35000
SANLIN;OBAT MINUM SANLIN;120;330;BTR;835
SHAMPO;SHAMPO;2;7;BTL;50000
TEH;TEH;5;9;PAK;25000
TG;TIRAI GEL;10;30;POT;25000
TG-F;TIRAI GEL FOUNDATION;10;32;POT;30000
TLB;TIRAI LOTION ;5;7;BTL;50000
TM;TIRAI MERAH;10;20;TUB;25000
TM-33;TIRAI MERAH SPF 33;10;17;TUB;30000
TMF;TIRAI MERAH FOUNDATION;10;8;POT;25000
TM-P;TIRAI MERAH PELEMBAB;5;0;POT;30000
TM-S;TIRAI MERAH SENSITIF;5;11;POT;25000
TP;TIRAI PUTIH;10;24;POT;25000
TP-33;TIRAI PUTIH SPF 33;10;14;POT;30000
TP-F;TIRAI PUTIH FOUNDATION;10;19;TUB;30000
TP-P;TIRAI PUTIH PELEMBAB;5;10;POT;30000
W1;CREAM PAGI WHITENING ;10;16;POT;35000
WGB;BADAN MALAM;2;6;BTL;50000
WGB W;BADAB MALAM WHITENING 1;5;4;BTL;60000
WGB2;BADAN MALAM 2;1;4;POT;60000
WGBW 2;BADAN MALAM WHITENING 2;5;4;BTL;70000
