'No Pasien','Demam','Sakit Kepala','Nyeri','Lemas','Kelelahan','Hidung Tersumbat','Bersin','Sakit Tenggorokan','Sulit Bernafas','Diagnosa'
'P1','Tidak','Ringan','Tidak','Tidak','Tidak','Ringan','Parah','Parah','Ringan','Demam'
'P2','Parah','Parah','Parah','Parah','Parah','Tidak','Tidak','Parah','Parah','Flu'
'P3','Parah','Parah','Ringan','Parah','Parah','Parah','Tidak','Parah','Parah','Flu'
'P4','Tidak','Tidak','Tidak','Ringan','Tidak','Parah','Tidak','Ringan','Ringan','Demam'
'P5','Parah','Parah','Ringan','Parah','Parah','Parah','Tidak','Parah','Parah','Flu'
'P6','Tidak','Tidak','Tidak','Ringan','Tidak','Parah','Parah','Parah','Tidak','Demam'
'P7','Parah','Parah','Parah','Parah','Parah','Tidak','Tidak','Tidak','Parah','Flu'
'P8','Tidak','Tidak','Tidak','Tidak','Tidak','Parah','Parah','Tidak','Ringan','Demam'
'P9','Tidak','Ringan','Ringan','Tidak','Tidak','Parah','Parah','Parah','Parah','Demam'
'P10','Parah','Parah','Parah','Ringan','Ringan','Tidak','Parah','Tidak','Parah','Flu'
'P11','Tidak','Tidak','Tidak','Ringan','Tidak','Parah','Ringan','Parah','Tidak','Demam'
'P12','Parah','Ringan','Parah','Ringan','Parah','Tidak','Parah','Tidak','Ringan','Flu'
'P13','Tidak','Tidak','Ringan','Ringan','Tidak','Parah','Parah','Parah','Tidak','Demam'
'P14','Parah','Parah','Parah','Parah','Ringan','Tidak','Parah','Parah','Parah','Flu'
'P15','Ringan','Tidak','Tidak','Ringan','Tidak','Parah','Tidak','Parah','Ringan','Demam'
'P16','Tidak','Tidak','Tidak','Tidak','Tidak','Parah','Parah','Parah','Parah','Demam'
'P17','Parah','Ringan','Parah','Ringan','Ringan','Tidak','Tidak','Tidak','Parah','Flu'
